CustomerID,Dec-2011,Nov-2011,Oct-2011,Sep-2011,Aug-2011,Jul-2011,0
13570.0,0.0,0.0,0.0,0.0,0.0,0.0,208.50969616719613
16996.0,0.0,415.18,0.0,0.0,340.9,0.0,1063.3390998168898
13988.0,0.0,462.44,500.21000000000004,1261.81,0.0,0.0,3494.3846053972206
14126.0,62.5,643.6300000000001,0.0,0.0,0.0,0.0,788.2929063462059
17128.0,0.0,0.0,0.0,0.0,0.0,0.0,208.50969616719613
17392.0,0.0,0.0,0.0,0.0,0.0,0.0,208.50969616719613
18250.0,0.0,0.0,0.0,0.0,0.0,0.0,208.50969616719613
17911.0,0.0,366.23,0.0,0.0,0.0,0.0,502.88996320388617
14320.0,0.0,0.0,0.0,0.0,0.0,0.0,208.50969616719613
17333.0,0.0,0.0,0.0,494.24999999999994,0.0,0.0,1036.0484254440098
18177.0,0.0,303.6,0.0,0.0,0.0,324.17,1386.0253289906357
17388.0,0.0,0.0,0.0,306.53000000000003,0.0,189.83000000000004,1268.3761915890705
14690.0,0.0,0.0,154.98999999999998,0.0,0.0,216.71,1080.882180696699
13745.0,0.0,0.0,0.0,0.0,0.0,0.0,208.50969616719613
16681.0,0.0,0.0,0.0,437.66,0.0,456.84,2256.8119077419115
15951.0,333.0499999999999,0.0,0.0,0.0,0.0,0.0,541.1618701170678
13568.0,0.0,0.0,0.0,0.0,0.0,0.0,208.50969616719613
15178.0,0.0,0.0,0.0,0.0,0.0,0.0,208.50969616719613
13279.0,0.0,0.0,0.0,137.75,0.0,0.0,439.14896770565053
16557.0,0.0,180.70000000000002,0.0,0.0,0.0,101.15,645.029604884109
13059.0,0.0,0.0,0.0,0.0,0.0,0.0,208.50969616719613
14434.0,0.0,651.6,410.4,310.79999999999995,0.0,0.0,1910.227328804281
15829.0,0.0,0.0,0.0,310.70000000000005,0.0,325.44,1665.8599657467078
17735.0,893.6000000000005,562.71,562.4699999999999,871.25,1905.9599999999994,1490.9900000000007,11120.258042556437
15032.0,0.0,0.0,0.0,0.0,0.0,0.0,208.50969616719613
13581.0,0.0,0.0,0.0,0.0,0.0,0.0,208.50969616719613
15612.0,0.0,125.5,69.65,0.0,0.0,0.0,420.986156832486
17223.0,0.0,0.0,0.0,0.0,0.0,0.0,208.50969616719613
15514.0,0.0,1577.5199999999998,0.0,0.0,0.0,0.0,1476.5400564755246
15587.0,0.0,0.0,111.96,344.88,0.0,111.96,1287.742769983268
17412.0,186.39999999999998,201.44,160.4,0.0,0.0,0.0,813.6108753795423
14987.0,0.0,163.2,0.0,0.0,0.0,0.0,339.69190292357274
13712.0,0.0,0.0,0.0,0.0,0.0,0.0,208.50969616719613
17037.0,0.0,0.0,0.0,1267.3199999999997,0.0,0.0,2330.424480966572
13780.0,243.73000000000002,0.0,0.0,0.0,0.0,0.0,451.94856227379347
17554.0,238.3,254.11999999999998,210.14000000000001,0.0,477.46,772.43,3941.6249608017306
18125.0,0.0,197.85,0.0,0.0,0.0,0.0,367.5440074830608
13249.0,0.0,0.0,0.0,419.57000000000005,0.0,0.0,911.0092907907122
13615.0,0.0,0.0,0.0,0.0,0.0,0.0,208.50969616719613
16276.0,0.0,0.0,0.0,0.0,0.0,0.0,208.50969616719613
17908.0,0.0,0.0,0.0,0.0,0.0,0.0,208.50969616719613
13936.0,0.0,0.0,0.0,0.0,0.0,0.0,208.50969616719613
14229.0,0.0,0.0,785.0699999999999,0.0,0.0,0.0,1466.4024662176032
16779.0,957.0600000000001,2386.3799999999997,0.0,891.5500000000001,678.88,660.0099999999999,7513.682258681594
18001.0,0.0,164.99999999999997,0.0,252.23000000000005,0.0,0.0,763.4555964247295
12852.0,0.0,0.0,0.0,0.0,0.0,0.0,208.50969616719613
16778.0,0.0,0.0,0.0,152.76,0.0,0.0,464.2806952250132
15036.0,0.0,0.0,0.0,219.85999999999987,0.0,0.0,576.6283911976467
14788.0,310.99000000000007,368.45,0.0,0.0,0.0,0.0,815.2929515216091
15557.0,0.0,473.65,0.0,0.0,0.0,0.0,589.2355064010061
14841.0,0.0,0.0,920.1900000000002,0.0,0.0,0.0,1682.9009581854677
18006.0,0.0,444.68,0.0,0.0,0.0,0.0,565.9490570766665
14573.0,0.0,0.0,0.0,0.0,0.0,0.0,208.50969616719613
16135.0,0.0,0.0,0.0,0.0,0.0,0.0,208.50969616719613
13951.0,0.0,0.0,0.0,0.0,0.0,0.0,208.50969616719613
18041.0,0.0,608.3400000000001,0.0,490.9200000000001,239.11000000000007,109.01000000000002,2198.8743063530565
15046.0,0.0,768.89,460.35,121.2,943.0700000000002,0.0,3208.670875319854
13300.0,0.0,0.0,0.0,0.0,0.0,0.0,208.50969616719613
13544.0,0.0,0.0,168.50000000000006,0.0,0.0,0.0,478.4919038091818
17085.0,0.0,0.0,0.0,0.0,347.75000000000006,0.0,740.0831745932031
15065.0,0.0,299.37999999999994,0.0,0.0,0.0,0.0,449.1550948113384
15527.0,0.0,821.4400000000002,0.0,277.55,0.0,183.5,1861.909983017808
18105.0,0.0,113.48000000000002,0.0,0.0,0.0,0.0,299.72634336519627
18050.0,0.0,0.0,0.0,0.0,0.0,0.0,208.50969616719613
12939.0,0.0,0.0,2545.6800000000003,1046.04,0.0,761.76,8232.350483690669
14595.0,0.0,207.53000000000003,1233.0400000000002,136.23,0.0,0.0,2579.0800973443916
13090.0,355.38,2409.4500000000007,1233.97,0.0,0.0,968.4000000000001,7265.961634871047
16009.0,0.0,141.76,388.76,0.0,0.0,462.18999999999994,2276.275760771273
14772.0,0.0,0.0,0.0,0.0,139.26,0.0,421.3836648389595
17058.0,0.0,0.0,0.0,360.23,0.0,0.0,811.6544133091013
13754.0,0.0,0.0,0.0,0.0,0.0,126.6,573.0663583790952
13381.0,0.0,657.0799999999999,0.0,520.9,680.24,709.74,4692.422314224812
12877.0,99.66,275.74000000000007,0.0,101.13999999999999,100.4,0.0,852.5081464932911
16209.0,0.0,0.0,0.0,145.71999999999997,212.64000000000001,0.0,777.5366294837104
13450.0,0.0,316.44,0.0,305.82,302.28,440.63999999999993,2705.8446164633206
14371.0,0.0,0.0,0.0,0.0,0.0,0.0,208.50969616719613
15025.0,0.0,377.01,0.0,0.0,0.0,0.0,511.55506240017127
13635.0,0.0,0.0,1071.0300000000002,0.0,0.0,0.0,1924.5871077446197
12854.0,0.0,0.0,0.0,514.1299999999999,0.0,0.0,1069.334151165857
12747.0,438.5,312.72999999999996,675.38,0.0,301.70000000000005,0.0,2441.1832415451527
14089.0,0.0,0.0,161.0,0.0,0.0,0.0,466.47489159959775
14981.0,0.0,0.0,0.0,0.0,0.0,0.0,208.50969616719613
13901.0,0.0,0.0,0.0,214.92,442.89000000000016,1561.0900000000004,5740.668605638553
17730.0,662.7,325.01000000000005,763.4399999999999,491.55999999999995,682.16,0.0,4220.691026058213
14489.0,0.0,0.0,0.0,0.0,0.0,0.0,208.50969616719613
15325.0,0.0,0.0,0.0,0.0,162.2899999999999,0.0,456.5875101535559
15994.0,0.0,0.0,427.07000000000005,0.0,0.0,0.0,892.7904167467973
17618.0,304.8,0.0,0.0,0.0,0.0,0.0,512.9456145575907
14733.0,0.0,541.7100000000002,0.0,0.0,316.98,378.16,2217.4286458017114
13340.0,0.0,0.0,1506.94,0.0,957.24,4594.27,17315.911299276264
16324.0,0.0,0.0,0.0,0.0,262.1199999999999,0.0,609.1884601212575
14262.0,304.70000000000005,719.78,214.45000000000002,524.3,309.5,305.5,3665.6931085972014
17757.0,416.55,1227.7200000000003,225.59999999999994,414.96999999999997,361.73999999999995,150.75,3654.74583195678
14482.0,0.0,988.2199999999998,613.9799999999998,227.85,0.0,0.0,2368.1106233000773
17267.0,0.0,0.0,0.0,0.0,317.61999999999995,0.0,694.0262115307282
16230.0,0.0,0.0,0.0,0.0,0.0,0.0,208.50969616719613
13579.0,0.0,302.34,0.0,0.0,0.0,0.0,451.5343799338806
16929.0,205.94,549.7300000000001,0.0,110.83999999999999,199.74,229.14,2006.8210300780008
13079.0,30.0,17.700000000000003,0.0,148.60000000000002,0.0,23.8,570.0414689400861
15262.0,0.0,0.0,0.0,0.0,0.0,0.0,208.50969616719613
14769.0,341.96999999999997,0.0,0.0,3844.839999999997,312.66000000000025,337.9300000000001,8438.646922224227
17157.0,157.54000000000002,0.0,0.0,0.0,0.0,0.0,365.86151566595845
18080.0,0.0,390.0,0.0,0.0,0.0,0.0,521.996587312949
14406.0,0.0,0.0,0.0,0.0,156.75,0.0,448.119021093944
14167.0,0.0,0.0,172.74,0.0,0.0,0.0,485.28552137833316
13828.0,0.0,209.49000000000004,0.0,0.0,0.0,0.0,376.9003854649494
16744.0,0.0,396.03,280.20000000000005,386.8399999999998,0.0,131.73000000000002,2002.8268341308533
13684.0,0.0,0.0,0.0,0.0,0.0,0.0,208.50969616719613
16506.0,0.0,35.1,55.2,0.0,0.0,0.0,325.1687262328516
14297.0,0.0,580.38,492.3500000000001,0.0,0.0,0.0,1463.9032137963802
14408.0,0.0,308.22,0.0,301.80000000000007,781.1899999999999,0.0,2155.707667524164
16108.0,0.0,0.0,0.0,842.5,0.0,0.0,1619.1346418742587
13365.0,0.0,1524.77,0.0,0.0,0.0,0.0,1434.1389449167082
12984.0,0.0,97.5,0.0,0.0,0.0,0.0,286.88141895363435
16873.0,1854.8300000000002,0.0,1397.3199999999997,0.0,638.02,0.0,5275.2882086088575
18188.0,0.0,392.76000000000005,0.0,1181.6799999999998,0.0,0.0,2502.7400782869995
15861.0,0.0,1471.6200000000001,563.7399999999999,0.0,0.0,407.5199999999998,3468.17138259531
14184.0,0.0,0.0,452.89,0.0,0.0,0.0,934.1609841136581
16478.0,0.0,95.10000000000001,235.90000000000003,0.0,0.0,0.0,662.9273595530558
16491.0,0.0,0.0,731.5,0.0,0.0,0.0,1380.5689536752818
14820.0,0.0,265.1,0.0,102.42,0.0,0.0,593.0855129863135
16600.0,240.32000000000005,220.0,0.0,115.73999999999998,0.0,0.0,819.1686126650811
14738.0,0.0,0.0,556.8,0.0,0.0,231.96,1768.6034201001676
17290.0,172.20999999999992,353.03,0.0,0.0,0.0,0.0,664.2839339369743
13611.0,0.0,0.0,0.0,535.0799999999999,0.0,0.0,1104.4114124270595
15068.0,0.0,0.0,313.40000000000003,0.0,0.0,0.0,710.6605796983432
17639.0,0.0,0.0,0.0,0.0,0.0,0.0,208.50969616719613
18249.0,0.0,95.34,0.0,0.0,0.0,0.0,285.14518386421173
13344.0,0.0,0.0,887.5699999999998,0.0,0.0,0.0,1630.6349664152501
17073.0,0.0,279.3699999999999,325.53,387.4,453.78999999999996,0.0,2296.960613888769
16754.0,0.0,0.0,0.0,0.0,0.0,0.0,208.50969616719613
14177.0,0.0,0.0,0.0,441.33000000000004,0.0,0.0,947.442761198529
16305.0,0.0,0.0,0.0,0.0,0.0,361.2199999999999,1248.676817211289
13503.0,0.0,0.0,0.0,216.84999999999997,0.0,0.0,571.5886510355361
16866.0,0.0,0.0,0.0,0.0,0.0,207.73999999999998,806.7166551553471
16914.0,0.0,208.45999999999995,0.0,0.0,0.0,0.0,376.07245854730803
14873.0,0.0,0.0,0.0,0.0,0.0,0.0,208.50969616719613
16103.0,16.5,0.0,0.0,256.74,0.0,351.14,1665.9988651359258
18200.0,0.0,0.0,0.0,0.0,163.8,0.0,458.89570843514707
16434.0,0.0,418.97999999999996,196.93000000000004,182.12,0.0,0.0,1165.7551648123779
13631.0,0.0,0.0,0.0,52.5,0.0,727.2,2390.453252707409
13488.0,0.0,722.14,878.9799999999999,770.8100000000001,642.3599999999999,423.59000000000003,5689.6128848945455
17014.0,231.27,167.01000000000008,188.05,0.0,0.0,0.0,875.0547310031702
13466.0,0.0,0.0,0.0,0.0,0.0,0.0,208.50969616719613
14448.0,0.0,273.0,0.0,0.0,0.0,0.0,427.9505199692232
16404.0,0.0,0.0,0.0,443.0500000000001,0.0,0.0,950.3226127197353
15755.0,0.0,287.51,0.0,931.91,524.0999999999999,0.0,2801.0843575557474
14744.0,0.0,88.2,83.75,0.0,0.0,0.0,413.59593199230744
13509.0,98.10000000000001,0.0,176.6,40.0,0.0,15.0,699.6203057006661
13133.0,0.0,0.0,0.0,0.0,0.0,0.0,208.50969616719613
13489.0,0.0,0.0,0.0,0.0,162.48000000000002,51.36,604.7739186152182
16770.0,0.0,0.0,113.62000000000005,0.0,0.0,0.0,390.5594198009196
16903.0,0.0,373.24,0.0,0.0,0.0,0.0,508.5246891190957
15308.0,0.0,0.0,0.0,0.0,0.0,0.0,208.50969616719613
15597.0,0.0,324.57,0.0,0.0,0.0,0.0,469.40313272918854
18005.0,109.75,0.0,139.97,0.0,0.0,0.0,542.3980937056101
17654.0,0.0,0.0,0.0,0.0,0.0,0.0,208.50969616719613
13948.0,0.0,0.0,0.0,0.0,0.0,0.0,208.50969616719613
16076.0,160.98,186.18,431.75999999999993,568.0099999999999,256.88,325.47,3491.6745381040178
15555.0,0.0,1203.4400000000007,428.5899999999999,353.2000000000001,264.7300000000001,433.21999999999997,4106.106545971663
15622.0,0.0,0.0,381.95,725.6100000000001,0.0,0.0,2035.4083168185716
15164.0,0.0,0.0,474.8699999999999,0.0,0.0,0.0,969.378841229212
17936.0,389.8399999999999,0.0,0.0,0.0,0.0,0.0,597.8840348329159
15355.0,0.0,150.8,126.25000000000001,0.0,0.0,0.0,532.0109996048834
14665.0,0.0,0.0,559.5200000000001,544.5200000000001,0.0,0.0,2016.7182653489515
15737.0,0.0,123.61000000000001,0.0,183.57999999999998,0.0,168.20000000000002,1099.590677252849
14808.0,0.0,0.0,534.19,360.6700000000001,0.0,913.9000000000003,4299.968222618251
17284.0,0.0,0.0,158.44,0.0,272.96999999999974,0.0,879.6372469679725
14916.0,0.0,0.0,0.0,567.7,0.0,406.2299999999999,2328.805800353219
13118.0,0.0,398.1100000000001,0.0,0.0,0.0,0.0,528.5155070236981
16531.0,0.0,355.15999999999997,0.0,204.9,199.7,0.0,1142.3254867564153
13762.0,0.0,0.0,0.0,0.0,0.0,0.0,208.50969616719613
17985.0,0.0,634.9499999999999,0.0,0.0,0.0,0.0,718.8904693287238
14946.0,0.0,100.9,0.0,0.0,0.0,0.0,289.6143815943922
15952.0,0.0,225.17000000000002,253.6,0.0,0.0,95.15000000000002,1069.8328211840628
18127.0,0.0,209.13,0.0,0.0,0.0,139.6,778.6024035091382
17025.0,0.0,0.0,196.8,0.0,0.0,0.0,523.8360965466784
17214.0,0.0,0.0,205.00000000000006,250.45000000000005,0.0,0.0,956.3112160311358
17912.0,0.0,0.0,0.0,0.0,0.0,0.0,208.50969616719613
15974.0,0.0,0.0,547.1399999999999,347.88,0.0,492.2799999999999,3085.2082590410637
13307.0,0.0,0.0,0.0,0.0,15.0,0.0,231.43881816975573
13558.0,122.67999999999999,159.12999999999997,323.25,0.0,0.0,0.0,976.8870716542654
13978.0,0.0,37.800000000000004,158.98999999999998,0.0,0.0,0.0,493.6384463923253
16812.0,0.0,0.0,0.0,0.0,0.0,0.0,208.50969616719613
15118.0,0.0,0.0,0.0,0.0,0.0,244.8,913.4344268897308
12936.0,0.0,265.44000000000005,0.0,798.4600000000002,0.0,0.0,1758.7610492621923
16921.0,0.0,0.0,169.79000000000005,0.0,0.0,0.0,480.5588299092302
15904.0,164.67999999999998,0.0,0.0,0.0,0.0,0.0,372.99298698258383
17888.0,0.0,109.5,250.89999999999998,58.599999999999994,0.0,128.26999999999998,1166.0177411702239
14237.0,0.0,0.0,0.0,0.0,0.0,0.0,208.50969616719613
16674.0,0.0,0.0,197.41,122.20000000000003,0.0,0.0,729.4168847944068
17571.0,0.0,0.0,937.3100000000004,0.0,0.0,201.25000000000003,2289.8501821486484
15272.0,0.0,0.0,422.97999999999996,298.96,0.0,0.0,1386.7955177821736
15947.0,0.0,0.0,0.0,1708.2400000000002,0.0,0.0,3068.6710697631993
18138.0,0.0,0.0,0.0,0.0,0.0,0.0,208.50969616719613
15365.0,0.0,369.16999999999996,0.0,1736.54,0.0,0.0,3412.7981491891223
14067.0,0.0,0.0,150.03000000000003,224.67,0.0,0.0,825.0702417038623
13752.0,0.0,0.0,0.0,0.0,204.15000000000003,90.6,781.4663072570881
16213.0,0.0,0.0,0.0,159.0,0.0,0.0,474.7285286507842
15955.0,0.0,570.9800000000001,879.2899999999998,502.34,1018.0299999999999,0.0,4473.582085395291
13162.0,0.0,0.0,0.0,0.0,382.85,0.0,793.7373200791925
16485.0,0.0,0.0,0.0,363.65,0.0,0.0,817.3806297059181
16072.0,0.0,0.0,0.0,0.0,0.0,0.0,208.50969616719613
16855.0,0.0,177.2,151.2,0.0,0.0,0.0,593.2082446483759
15610.0,0.0,0.0,112.46,0.0,0.0,0.0,388.7007885791706
14164.0,0.0,0.0,0.0,1631.7700000000002,0.0,0.0,2940.6348803291116
16455.0,0.0,0.0,517.8,189.60000000000002,0.0,0.0,1355.617619361451
14585.0,0.0,0.0,157.05,0.0,0.0,0.0,460.14593183588363
16971.0,0.0,357.20999999999987,0.0,0.0,0.0,0.0,495.6395740804637
18069.0,0.0,254.69999999999996,0.0,788.1,0.0,0.0,1732.7820201491352
17955.0,0.0,0.0,0.0,0.0,0.0,0.0,208.50969616719613
18082.0,0.0,703.3699999999997,0.0,0.0,0.0,0.0,773.8873234112683
18027.0,0.0,0.0,0.0,115.30999999999999,0.0,0.0,401.57695134758944
17071.0,0.0,432.16,302.65,291.8,0.0,358.4,2561.42864724684
13835.0,0.0,91.66000000000001,205.57000000000002,0.0,0.0,208.89,1213.083939684718
13495.0,312.64000000000004,659.8000000000001,0.0,0.0,0.0,0.0,1051.1317645440893
14692.0,0.0,0.0,0.0,0.0,0.0,111.25,528.8645829845245
15019.0,0.0,0.0,0.0,0.0,0.0,0.0,208.50969616719613
14147.0,0.0,0.0,0.0,300.6,0.0,0.0,711.8139794663571
15719.0,0.0,616.83,360.1099999999999,515.17,347.12999999999994,433.25,3922.0940356362876
14620.0,0.0,0.0,0.0,0.0,0.0,0.0,208.50969616719613
14142.0,0.0,0.0,0.0,0.0,0.0,0.0,208.50969616719613
16762.0,0.0,613.78,573.4499999999999,0.0,0.0,314.15000000000003,2525.319119854457
14567.0,0.0,0.0,729.6,0.0,800.7600000000001,0.0,2601.572892900163
15218.0,0.0,807.6800000000001,303.3,780.56,705.3000000000001,712.45,5780.312197369222
16099.0,0.0,0.0,139.79999999999998,0.0,0.0,273.8,1220.939774635499
16056.0,0.0,0.0,664.85,0.0,0.0,0.0,1273.7777718394461
13516.0,0.0,769.0,0.0,474.40999999999997,0.0,0.0,1620.9615173494662
17817.0,117.97999999999999,0.0,0.0,0.0,0.0,0.0,326.34876982762506
13882.0,193.07999999999996,314.73999999999995,683.3100000000001,0.0,0.0,0.0,1749.1969710388496
15050.0,0.0,458.9099999999999,0.0,1323.1800000000003,0.0,0.0,2792.8302954881638
15264.0,0.0,0.0,393.74000000000007,0.0,0.0,0.0,839.3868144874064
14555.0,0.0,0.0,126.2,0.0,0.0,0.0,410.71595494712835
18053.0,0.0,0.0,0.0,300.02000000000004,0.0,0.0,710.8428667440899
17351.0,0.0,159.85,0.0,0.0,0.0,0.0,336.99913090988485
16957.0,0.0,0.0,0.0,0.0,0.0,0.0,208.50969616719613
17509.0,0.0,0.0,6115.140000000001,0.0,0.0,0.0,10006.604635275871
18009.0,0.0,0.0,0.0,0.0,0.0,0.0,208.50969616719613
12867.0,0.0,1011.0799999999996,0.0,673.2900000000002,0.0,0.0,2148.53966117228
16668.0,0.0,40.2,0.0,0.0,50.279999999999994,19.5,373.8334698048206
16965.0,0.0,0.0,0.0,0.0,0.0,0.0,208.50969616719613
14206.0,0.0,0.0,0.0,0.0,0.0,0.0,208.50969616719613
14824.0,0.0,372.20000000000005,0.0,755.5100000000001,0.0,0.0,1772.6635047658242
13016.0,0.0,0.0,0.0,364.64,425.24999999999983,0.0,1469.078827435456
17190.0,0.0,0.0,249.74,0.0,0.0,0.0,608.6601800633948
18013.0,0.0,0.0,0.0,0.0,0.0,187.29000000000005,747.8289478707237
16714.0,0.0,0.0,0.0,0.0,0.0,0.0,208.50969616719613
17345.0,0.0,253.61000000000004,0.0,155.79999999999998,0.0,0.0,673.2255639798104
15004.0,0.0,0.0,0.0,0.0,0.0,1246.3199999999995,3797.4058987575113
13774.0,0.0,0.0,0.0,344.99999999999994,0.0,0.0,786.154332688189
16617.0,0.0,0.0,0.0,0.0,0.0,0.0,208.50969616719613
14295.0,0.0,0.0,166.2,0.0,0.0,0.0,474.80668673157595
14782.0,0.0,0.0,0.0,0.0,0.0,0.0,208.50969616719613
14241.0,0.0,0.0,0.0,0.0,0.0,0.0,208.50969616719613
15014.0,0.0,0.0,142.44,0.0,0.0,0.0,436.7367920516141
17287.0,0.0,183.81000000000003,0.0,177.89,0.0,202.06999999999996,1235.985106890074
15640.0,1186.4800000000005,1885.580000000001,0.0,524.26,1489.66,649.4599999999999,7934.298574851216
15147.0,0.0,0.0,0.0,0.0,0.0,0.0,208.50969616719613
16247.0,0.0,0.0,0.0,0.0,0.0,0.0,208.50969616719613
13621.0,0.0,0.0,0.0,0.0,213.85,0.0,535.4025455170209
12851.0,0.0,0.0,0.0,135.17999999999995,0.0,0.0,434.84593374663905
13536.0,1008.9999999999999,1614.38,369.74000000000007,455.17,0.0,0.0,3868.4918458733478
17135.0,0.0,434.12,205.06000000000003,0.0,0.0,0.0,886.0219331324598
13573.0,0.0,0.0,262.63,0.0,0.0,0.0,629.3134183809331
17198.0,0.0,170.55999999999997,0.0,0.0,0.0,0.0,345.60796322827207
17175.0,0.0,0.0,311.06,0.0,0.0,310.93,1602.2635861191725
16250.0,0.0,0.0,0.0,0.0,0.0,0.0,208.50969616719613
13169.0,0.0,0.0,207.68,0.0,0.0,0.0,541.2687755920481
18116.0,0.0,0.0,163.56000000000003,0.0,0.0,0.0,470.57669843380245
14306.0,0.0,0.0,390.38,1702.9399999999998,0.0,0.0,3685.290605530729
16093.0,0.0,0.0,0.0,0.0,17.0,0.0,234.4960344367637
13532.0,0.0,210.30999999999983,0.0,0.0,0.0,0.0,377.55951174889674
16416.0,0.0,372.6799999999999,678.7199999999999,0.0,0.0,0.0,1595.5660910144188
15933.0,0.0,379.1899999999999,0.0,728.2700000000002,0.0,0.0,1732.6733431292441
17775.0,0.0,0.0,0.0,0.0,0.0,0.0,208.50969616719613
13808.0,229.15999999999997,0.0,795.3999999999997,723.1,0.0,0.0,2922.549839079795
17370.0,0.0,0.0,0.0,335.47999999999996,0.0,0.0,770.2146893847691
17302.0,0.0,474.02,0.0,0.0,358.49,0.0,1137.5236468211633
18269.0,0.0,0.0,0.0,0.0,0.0,0.0,208.50969616719613
13658.0,0.0,542.4000000000001,0.0,1163.4700000000005,0.0,0.0,2592.532996167372
17221.0,202.85,132.28,0.0,0.0,0.0,0.0,517.4457161431485
17684.0,0.0,0.0,239.41,0.0,0.0,0.0,592.1087485800613
15521.0,0.0,0.0,673.4200000000001,209.8,0.0,449.20000000000005,2932.2979675401643
14419.0,0.0,390.4600000000001,126.38999999999999,233.65000000000003,0.0,0.0,1116.084768006394
14680.0,0.0,1167.6000000000001,0.0,3390.11,2388.2,6298.07,28609.721427499
15858.0,0.0,191.01,277.71999999999997,153.9,0.0,0.0,1064.7076183360648
17147.0,0.0,365.28999999999996,0.0,376.19,0.0,0.0,1132.001439742021
16123.0,0.0,0.0,307.78,0.0,0.0,0.0,701.6558318826283
15427.0,0.0,1112.1099999999994,371.0299999999998,0.0,0.0,0.0,1696.9272669324348
17102.0,0.0,0.0,0.0,0.0,0.0,0.0,208.50969616719613
15601.0,0.0,178.4,781.1400000000001,231.56,462.06000000000006,0.0,2697.522766076046
12855.0,0.0,0.0,0.0,0.0,0.0,0.0,208.50969616719613
16706.0,0.0,119.80000000000003,0.0,120.01999999999998,291.5300000000001,0.0,951.3949280053686
14013.0,0.0,0.0,0.0,0.0,199.21999999999994,155.3,960.2400325484069
14047.0,351.15000000000003,0.0,0.0,321.54,0.0,0.0,1097.6050510228292
12882.0,0.0,1463.0399999999995,0.0,0.0,0.0,0.0,1384.5195967361249
13471.0,985.1800000000002,604.7299999999999,941.67,0.0,0.0,0.0,3187.4104482375433
13694.0,3131.16,4839.219999999999,5542.18,5615.42,9708.389999999998,1943.43,45944.50777360459
15695.0,0.0,0.0,0.0,0.0,0.0,0.0,208.50969616719613
14541.0,0.0,0.0,146.0,0.0,0.0,0.0,442.4408671804299
13610.0,0.0,118.24000000000001,237.43000000000004,0.0,128.45000000000002,173.39000000000004,1379.6216553172908
15314.0,0.0,0.0,0.0,0.0,0.0,0.0,208.50969616719613
14346.0,0.0,0.0,0.0,0.0,759.1400000000001,0.0,1368.937274635403
14234.0,0.0,323.11999999999995,452.34000000000026,0.0,0.0,0.0,1193.0076449285857
14110.0,325.44,367.04,825.0600000000001,905.9900000000001,860.9799999999999,317.4,5897.5724180626485
17601.0,0.0,0.0,0.0,0.0,0.0,0.0,208.50969616719613
13889.0,0.0,0.0,0.0,416.9,0.0,0.0,906.5388236037235
14334.0,0.0,223.49999999999997,0.0,315.2,335.2799999999999,0.0,1428.4230687549841
15114.0,0.0,508.27999999999975,0.0,898.2700000000001,191.13999999999996,135.62,2803.782754793381
17217.0,0.0,0.0,0.0,0.0,0.0,0.0,208.50969616719613
15313.0,0.0,0.0,0.0,0.0,52.0,0.0,287.9973191094028
17226.0,0.0,0.0,0.0,0.0,0.0,0.0,208.50969616719613
14594.0,124.83000000000001,0.0,0.0,0.0,0.0,0.0,333.19058754735676
14357.0,0.0,0.0,225.77000000000012,0.0,0.0,0.0,570.2538090415648
17551.0,0.0,0.0,0.0,0.0,0.0,0.0,208.50969616719613
16711.0,295.59999999999997,445.56,0.0,0.0,0.0,311.07000000000005,1757.658777301989
16106.0,0.0,0.0,108.38,0.0,0.0,0.0,382.1635339371569
17291.0,0.0,0.0,0.0,0.0,0.0,0.0,208.50969616719613
15782.0,0.0,450.4,526.0,1638.3400000000001,0.0,0.0,4156.465535018968
14944.0,0.0,977.74,0.0,2414.78,0.0,675.7000000000002,6983.315468647999
13451.0,0.0,512.7600000000001,0.0,0.0,811.0100000000001,0.0,1860.3890972481934
15882.0,0.0,0.0,0.0,0.0,0.0,0.0,208.50969616719613
15061.0,3895.86,5788.920000000001,4281.6,3992.76,913.3000000000001,3441.6599999999994,33605.06447232584
14601.0,0.0,213.96000000000004,0.0,0.0,0.0,0.0,380.4934275250046
14998.0,0.0,0.0,0.0,0.0,0.0,0.0,208.50969616719613
13384.0,0.0,722.1999999999999,298.26,1375.6299999999999,583.24,0.0,4461.722776922782
17849.0,0.0,0.0,0.0,0.0,0.0,0.0,208.50969616719613
13233.0,0.0,0.0,0.0,300.88,0.0,0.0,712.2827925046928
16063.0,0.0,0.0,0.0,0.0,0.0,0.0,208.50969616719613
14404.0,0.0,126.8,0.0,0.0,309.24,0.0,783.1399056214046
17078.0,0.0,378.2000000000001,0.0,0.0,0.0,0.0,512.5115993244367
18119.0,0.0,0.0,0.0,0.0,0.0,0.0,208.50969616719613
14805.0,0.0,300.75000000000006,144.65,0.0,0.0,0.0,682.0244268085644
15811.0,0.0,444.82,0.0,0.0,478.9600000000001,0.0,1298.2037424555258
15525.0,314.68999999999994,197.3,0.0,0.0,0.0,0.0,681.416015435269
18101.0,0.0,113.42,0.0,0.0,0.0,110.22999999999999,617.09581505203
15212.0,0.0,0.0,0.0,0.0,0.0,0.0,208.50969616719613
17997.0,0.0,0.0,0.0,693.9500000000002,0.0,954.1899999999998,4118.092846453392
14336.0,0.0,500.5199999999999,0.0,0.0,0.0,0.0,610.8339493884071
14090.0,0.0,0.0,0.0,0.0,0.0,0.0,208.50969616719613
16861.0,0.0,0.0,102.96,0.0,0.0,70.80000000000001,577.3545295481563
15906.0,0.0,179.49,590.49,0.0,0.0,114.55000000000001,1628.7669631364693
15987.0,0.0,244.85999999999999,0.0,0.0,403.05,287.28999999999996,1848.7154437911138
14640.0,0.0,317.95000000000005,306.07,0.0,496.24,185.07,2245.971202746406
13229.0,0.0,0.0,0.0,0.0,0.0,0.0,208.50969616719613
15748.0,0.0,0.0,149.30999999999995,0.0,0.0,0.0,447.7443752355929
13636.0,0.0,302.57,0.0,0.0,105.1,0.0,612.3759716496701
17282.0,0.0,0.0,0.0,0.0,687.0,0.0,1258.6634838844261
15291.0,0.0,983.2800000000002,0.0,378.75,0.0,0.0,1633.0358428376294
16208.0,0.0,0.0,166.67000000000004,0.0,0.0,0.0,475.5597528300433
14288.0,0.0,0.0,0.0,0.0,0.0,0.0,208.50969616719613
13027.0,0.0,0.0,0.0,0.0,1536.0,1536.0,6979.508923174616
13005.0,0.0,0.0,0.0,0.0,0.0,0.0,208.50969616719613
15091.0,0.0,0.0,480.71,0.0,0.0,0.0,978.7360880697414
17549.0,0.0,120.66,28.2,0.0,0.0,0.0,350.68168332047924
15076.0,0.0,0.0,0.0,0.0,0.0,0.0,208.50969616719613
14174.0,0.0,134.46,0.0,0.0,0.0,0.0,316.59033048375494
15801.0,0.0,0.0,926.7299999999998,0.0,137.22,0.0,1903.1354009116394
13602.0,0.0,0.0,428.88999999999993,0.0,0.0,0.0,895.7065450429894
15483.0,0.0,0.0,0.0,0.0,0.0,118.96,551.0662564888985
15958.0,0.0,0.0,0.0,104.35,0.0,0.0,383.2262695612993
17138.0,0.0,0.0,0.0,0.0,0.0,0.0,208.50969616719613
14789.0,0.0,197.64000000000001,0.0,0.0,0.0,0.0,367.3752068493669
13555.0,0.0,0.0,0.0,2559.23,0.0,0.0,4493.511096525517
16782.0,0.0,475.6000000000001,0.0,161.95,0.0,294.05,1708.7058128342803
17739.0,0.0,743.77,434.65,542.1600000000001,0.0,0.0,2410.543253137199
16325.0,0.0,0.0,178.22,0.0,0.0,225.2,1142.5506303857223
17874.0,0.0,0.0,0.0,0.0,0.0,0.0,208.50969616719613
14348.0,0.0,0.0,0.0,0.0,0.0,0.0,208.50969616719613
13456.0,0.0,456.90000000000003,454.7600000000001,0.0,0.0,430.00000000000006,2542.6448059355807
17924.0,0.0,292.56,2167.74,0.0,0.0,0.0,3916.9741662394563
17616.0,0.0,0.0,0.0,0.0,0.0,0.0,208.50969616719613
18081.0,0.0,135.4,0.0,0.0,94.80000000000001,113.25000000000001,788.3720411226668
13748.0,0.0,0.0,0.0,367.4,0.0,0.0,823.6593757550593
14957.0,0.0,0.0,0.0,0.0,0.0,0.0,208.50969616719613
14259.0,0.0,0.0,0.0,0.0,0.0,120.0,554.061034756674
13946.0,0.0,0.0,0.0,75.6,0.0,0.0,335.0892165178833
17986.0,0.0,0.0,20.8,0.0,0.0,0.0,241.83687669510888
16516.0,0.0,101.7,0.0,0.0,0.0,0.0,290.2574316275117
16125.0,0.0,0.0,0.0,0.0,0.0,0.0,208.50969616719613
13468.0,280.93999999999994,346.26,222.63000000000002,599.6100000000001,228.47000000000003,333.21999999999997,3436.881190094369
17432.0,0.0,365.76000000000005,0.0,0.0,0.0,0.0,502.5121713094285
14691.0,0.0,345.26,0.0,1329.47,0.0,0.0,2712.008550197885
18147.0,0.0,0.0,80.46,0.0,98.88000000000001,0.0,488.57697539248545
16883.0,0.0,0.0,0.0,0.0,0.0,0.0,208.50969616719613
18218.0,0.0,0.0,0.0,0.0,0.0,0.0,208.50969616719613
16171.0,0.0,0.0,73.2,0.0,0.0,0.0,325.79573533273526
17579.0,178.04,0.0,0.0,0.0,0.0,106.45000000000002,692.8698618235762
13094.0,0.0,152.64000000000001,0.0,228.96000000000004,228.96000000000004,223.68,1708.6565746406188
13562.0,0.0,0.0,0.0,589.6,0.0,606.46,2942.05488166163
17313.0,0.0,2328.8399999999997,0.0,0.0,0.0,0.0,2080.4604950796966
18270.0,0.0,171.2,0.0,0.0,0.0,0.0,346.1224032547677
13083.0,111.36,0.0,0.0,192.39,0.0,0.0,641.861464679537
17560.0,0.0,0.0,0.0,149.12,0.0,219.78,1091.0634023532753
12985.0,485.0,754.3799999999999,0.0,0.0,0.0,0.0,1299.3104718151806
13863.0,0.0,0.0,0.0,0.0,0.0,0.0,208.50969616719613
13565.0,0.0,130.04000000000002,0.0,0.0,0.0,0.0,313.0374790507698
16359.0,110.72999999999999,0.0,228.96,164.4,0.0,0.0,961.223005433811
14669.0,0.0,0.0,0.0,0.0,0.0,0.0,208.50969616719613
14666.0,0.0,195.24999999999997,0.0,0.0,0.0,0.0,365.4540948754224
13643.0,0.0,260.0400000000001,0.0,171.5,0.0,0.0,704.681095413413
17725.0,0.0,319.33,278.66999999999996,333.9599999999999,619.51,307.5,3303.318598746461
13136.0,0.0,0.0,459.53,921.4000000000001,0.0,652.2199999999998,4365.658925294447
16952.0,0.0,0.0,0.0,0.0,167.61,0.0,464.7197054237972
15812.0,0.0,0.0,0.0,0.0,213.9,533.0200000000001,2070.360430048392
15727.0,0.0,569.6700000000002,0.0,0.0,887.4699999999997,470.9499999999999,3379.1564711062324
14729.0,0.0,0.0,0.0,0.0,0.0,0.0,208.50969616719613
17519.0,0.0,356.02,0.0,0.0,0.0,331.9,1450.4204478049292
17384.0,0.0,108.75,0.0,0.0,0.0,0.0,295.92431004437725
16912.0,0.0,156.43,860.5700000000002,0.0,0.0,392.72,2843.9884657356824
17857.0,2979.6,5419.92,3640.0,1146.6,3977.64,0.0,21373.44909332663
17863.0,0.0,0.0,1032.6999999999998,342.02,0.0,413.38,3626.1940598904334
15335.0,0.0,0.0,173.97000000000003,0.0,0.0,0.0,487.256311380705
17517.0,0.0,0.0,0.0,0.0,0.0,0.0,208.50969616719613
15535.0,0.0,0.0,0.0,0.0,0.0,0.0,208.50969616719613
17611.0,306.05000000000007,542.5500000000001,118.9,292.47,301.6,285.8300000000001,2914.6069835109256
14162.0,0.0,0.0,0.0,0.0,0.0,0.0,208.50969616719613
16415.0,0.0,0.0,210.34999999999985,0.0,0.0,0.0,545.5468319386598
17843.0,0.0,0.0,0.0,0.0,0.0,0.0,208.50969616719613
14880.0,0.0,0.0,0.0,342.92,0.0,0.0,782.6717215462654
17625.0,0.0,427.79999999999995,384.42000000000013,0.0,0.0,685.0999999999998,3141.134863089372
17463.0,0.0,198.31000000000003,452.4599999999998,0.0,0.0,0.0,1092.8760738318833
13576.0,0.0,1090.0700000000004,283.89000000000004,826.1700000000001,332.04,705.7200000000001,5462.619145799356
13557.0,0.0,343.37999999999994,0.0,0.0,0.0,0.0,484.52284663291056
16403.0,0.0,0.0,0.0,0.0,0.0,0.0,208.50969616719613
15990.0,0.0,0.0,390.74,0.0,0.0,0.0,834.5800096035726
15565.0,0.0,0.0,84.36000000000001,88.8,0.0,0.0,492.3577559442604
15852.0,0.0,0.0,0.0,0.0,0.0,0.0,208.50969616719613
13135.0,0.0,0.0,0.0,0.0,0.0,0.0,208.50969616719613
13515.0,0.0,0.0,0.0,367.16,188.40000000000003,132.16,1491.814515926608
17676.0,347.59999999999997,0.0,309.24,0.0,430.13999999999993,0.0,1708.6954402080455
15006.0,0.0,0.0,502.08999999999975,0.0,0.0,0.0,1012.9925842085283
14622.0,0.0,0.0,0.0,0.0,0.0,0.0,208.50969616719613
16240.0,0.0,1894.01,0.0,1824.7900000000006,0.0,0.0,4786.243488506324
13513.0,0.0,0.0,0.0,0.0,205.09999999999997,0.0,522.0272243488612
15899.0,0.0,0.0,0.0,0.0,0.0,0.0,208.50969616719613
16045.0,0.0,0.0,0.0,0.0,210.05,0.0,529.5938346097058
15228.0,0.0,0.0,1162.6800000000003,0.0,970.5799999999997,0.0,3555.0714791620217
15758.0,0.0,205.25,0.0,0.0,0.0,0.0,373.4922202894161
13075.0,0.0,0.0,0.0,0.0,919.61,0.0,1614.2330218187856
17495.0,154.97,342.59000000000003,0.0,0.0,0.0,0.0,638.672724072185
13396.0,0.0,973.7199999999998,0.0,0.0,0.0,0.0,991.1980439785872
14603.0,0.0,0.0,0.0,0.0,0.0,0.0,208.50969616719613
16693.0,0.0,0.0,324.45,0.0,0.0,0.0,728.3656443537968
16384.0,0.0,0.0,0.0,175.4,0.0,0.0,502.1875780390285
13561.0,0.0,0.0,0.0,0.0,0.0,0.0,208.50969616719613
16835.0,0.0,0.0,0.0,0.0,99.1,0.0,359.9947621974399
18061.0,0.0,92.4,233.5,0.0,241.44000000000003,213.7,1641.348111675505
16348.0,0.0,418.9099999999999,0.0,275.4000000000001,191.82000000000002,0.0,1299.5635299024689
13138.0,0.0,130.7,143.8,198.44,0.0,102.6,1171.6750681849421
18055.0,863.7700000000002,0.0,1014.5500000000005,1233.0100000000002,310.33000000000004,0.0,5235.670633191264
12840.0,0.0,0.0,0.0,0.0,0.0,576.0,1867.1561213966895
17980.0,0.0,0.0,0.0,0.0,0.0,0.0,208.50969616719613
16411.0,0.0,83.15,0.0,0.0,0.0,0.0,275.34670898455346
14929.0,0.0,223.88,0.0,0.0,0.0,0.0,388.46724793568626
13246.0,0.0,126.31000000000003,0.0,0.0,0.0,0.0,310.03925827135015
15374.0,0.0,0.0,0.0,0.0,168.0,0.0,465.31586259586373
13239.0,0.0,0.0,0.0,0.0,0.0,0.0,208.50969616719613
13203.0,0.0,163.22,396.38000000000005,0.0,144.15,0.0,1195.1639482369824
15144.0,525.9000000000001,696.24,1352.6599999999996,1036.6999999999998,506.9000000000001,767.0199999999998,8180.090488950007
17856.0,275.4,0.0,0.0,0.0,0.0,0.0,483.58073266560376
17600.0,0.0,161.67000000000002,0.0,0.0,0.0,0.0,338.4620697352317
14967.0,0.0,0.0,463.8,0.0,0.0,0.0,951.6417312078662
14009.0,0.0,0.0,0.0,0.0,0.0,0.0,208.50969616719613
13242.0,0.0,0.0,0.0,0.0,166.4,0.0,462.8700895822574
18130.0,0.0,745.53,313.86,0.0,0.0,0.0,1310.663987103334
14051.0,1963.1999999999998,1683.9,2691.4500000000007,584.4000000000001,742.8,1575.3,14485.48470977919
13842.0,0.0,0.0,581.69,638.6600000000001,0.0,336.8,3179.7096178992574
14732.0,464.11,311.19,0.0,308.89000000000004,0.0,335.09999999999997,2404.340355470559
17673.0,112.47000000000001,0.0,306.8800000000001,0.0,0.0,0.0,812.5494457369261
16728.0,0.0,0.0,504.67,0.0,0.0,0.0,1017.1264364086256
16274.0,0.0,0.0,0.0,0.0,0.0,0.0,208.50969616719613
14099.0,0.0,213.8,580.45,0.0,349.02000000000004,235.63,2522.4351091463254
18263.0,0.0,401.76,0.0,0.0,0.0,503.8,1982.1891259779634
14373.0,0.0,0.0,0.0,0.0,0.0,0.0,208.50969616719613
13851.0,0.0,0.0,0.0,1298.18,1106.9600000000005,0.0,4074.202434583865
16243.0,0.0,194.15000000000003,214.9499999999999,0.0,0.0,0.0,708.9774710065583
18149.0,0.0,0.0,62.400000000000006,0.0,0.0,0.0,308.49123775093443
18040.0,0.0,118.2,0.0,0.0,0.0,0.0,303.52033856060126
14048.0,0.0,0.0,0.0,0.0,0.0,0.0,208.50969616719613
13546.0,0.0,208.71,230.11999999999998,0.0,0.0,0.0,744.987391638585
16385.0,0.0,0.0,281.0400000000001,0.0,0.0,126.62,1023.4254317863891
15125.0,0.0,358.0,375.0,0.0,1000.8799999999999,1414.42,6700.034541193233
17663.0,0.0,515.1,0.0,271.28,0.0,225.71999999999997,1726.7484649850928
17896.0,0.0,256.32,0.0,0.0,0.0,0.0,414.54292677868176
15026.0,0.0,0.0,0.0,238.22000000000003,0.0,0.0,607.3691318542424
16825.0,0.0,456.4799999999999,0.0,0.0,0.0,0.0,575.4340450651789
13922.0,0.0,0.0,0.0,0.0,0.0,0.0,208.50969616719613
16016.0,140.6,441.66999999999973,0.0,108.92000000000002,0.0,0.0,886.3299074578521
14420.0,0.0,0.0,0.0,387.52,0.0,0.0,857.3469412240518
15400.0,0.0,0.0,0.0,105.0,152.4,0.0,617.2744650891561
15181.0,0.0,0.0,254.48,0.0,0.0,0.0,616.2549317798519
14745.0,0.0,0.0,0.0,0.0,279.76,358.83000000000004,1669.4379978134539
13564.0,0.0,0.0,0.0,0.0,0.0,550.64,1794.12960517478
13270.0,0.0,0.0,0.0,0.0,0.0,0.0,208.50969616719613
13878.0,0.0,0.0,1281.53,0.0,0.0,0.0,2261.864583760275
14012.0,0.0,0.0,0.0,0.0,0.0,0.0,208.50969616719613
13487.0,0.0,0.0,166.6,0.0,0.0,0.0,475.44759404942045
18176.0,0.0,0.0,0.0,0.0,0.0,0.0,208.50969616719613
14114.0,0.0,0.0,0.0,0.0,0.0,0.0,208.50969616719613
16781.0,0.0,0.0,0.0,0.0,0.0,0.0,208.50969616719613
17278.0,0.0,0.0,0.0,0.0,0.0,0.0,208.50969616719613
12993.0,0.0,42.36000000000001,0.0,0.0,197.10000000000002,0.0,543.8478585345066
18280.0,0.0,0.0,0.0,0.0,0.0,0.0,208.50969616719613
18014.0,0.0,166.42000000000002,0.0,0.0,0.0,0.0,342.2801793068787
13299.0,0.0,0.0,0.0,0.0,0.0,0.0,208.50969616719613
13102.0,502.1299999999999,263.0,366.12,331.1400000000001,0.0,956.1000000000001,4815.683752907303
16311.0,0.0,214.71,401.55,0.0,0.0,0.0,1024.4871206321777
16820.0,0.0,0.0,0.0,497.61000000000007,0.0,0.0,1041.6741819040406
15384.0,0.0,0.0,0.0,0.0,0.0,0.0,208.50969616719613
15628.0,202.95,303.93000000000006,737.9600000000002,311.84999999999997,308.43,0.0,2831.5390581794923
15406.0,0.0,258.42,0.0,0.0,0.0,0.0,416.2309331156205
15297.0,0.0,411.4800000000001,230.46,0.0,0.0,0.0,908.5212318783025
16836.0,0.0,0.0,160.55,0.0,91.32000000000001,0.0,605.3463656186057
16447.0,0.0,0.0,0.0,0.0,0.0,259.0099999999998,954.3534645677009
14921.0,0.0,413.06,0.0,0.0,0.0,0.0,540.5325045176185
15637.0,0.0,0.0,223.36,0.0,0.0,0.0,566.3923424515516
16610.0,0.0,0.0,0.0,0.0,0.0,0.0,208.50969616719613
17462.0,0.0,0.0,212.28000000000003,0.0,0.0,0.0,548.6392097472597
14465.0,0.0,0.0,0.0,0.0,0.0,0.0,208.50969616719613
14849.0,0.0,1360.6599999999999,785.3500000000003,759.2799999999999,813.7100000000002,813.8900000000002,7419.370569656847
13500.0,0.0,840.3700000000001,0.0,0.0,326.4,0.0,1382.947336358679
18022.0,0.0,668.1100000000002,0.0,0.0,0.0,0.0,745.5448932015271
13598.0,0.0,0.0,180.1700000000001,0.0,0.0,0.0,497.19037480729446
16913.0,0.0,0.0,0.0,0.0,0.0,0.0,208.50969616719613
15667.0,0.0,0.0,301.32000000000005,0.0,0.0,0.0,691.3051786994401
12945.0,0.0,0.0,0.0,0.0,0.0,0.0,208.50969616719613
15705.0,0.0,0.0,0.0,0.0,0.0,0.0,208.50969616719613
17347.0,0.0,0.0,0.0,228.96,0.0,0.0,591.8648149435629
17604.0,0.0,0.0,0.0,0.0,0.0,0.0,208.50969616719613
15500.0,266.26,459.2800000000001,0.0,406.02000000000004,0.0,0.0,1523.4390665824383
13711.0,0.0,0.0,0.0,0.0,0.0,0.0,208.50969616719613
16352.0,0.0,494.44000000000005,0.0,0.0,0.0,0.0,605.946769136699
17965.0,0.0,303.07,48.459999999999994,377.05999999999995,0.0,423.88999999999993,2381.722121678859
17081.0,0.0,178.25999999999993,111.90000000000002,0.0,0.0,0.0,531.0911419640394
18191.0,0.0,0.0,0.0,0.0,0.0,0.0,208.50969616719613
17917.0,0.0,0.0,110.82,0.0,0.0,0.0,386.07306857600827
13034.0,0.0,0.0,476.91,0.0,0.0,0.0,972.647468550219
17591.0,0.0,0.0,0.0,362.8,213.60000000000002,0.0,1142.4681445845617
18246.0,0.0,363.2,0.0,0.0,0.0,0.0,500.45441120344606
14354.0,75.84,87.78,0.0,0.0,0.0,0.0,354.8177706664803
14409.0,0.0,0.0,0.0,115.72,190.8,1086.8300000000002,3823.551537114872
16554.0,0.0,0.0,522.9900000000001,0.0,0.0,0.0,1046.4799915659028
17124.0,0.0,0.0,0.0,0.0,0.0,0.0,208.50969616719613
17520.0,0.0,0.0,546.8100000000001,0.0,0.0,0.0,1084.646022343541
18202.0,0.0,0.0,0.0,0.0,0.0,0.0,208.50969616719613
14002.0,0.0,0.0,0.0,0.0,0.0,529.73,1733.9172844255634
14653.0,403.03,436.09,763.6200000000001,0.0,0.0,0.0,2185.117005773896
17043.0,0.0,641.36,768.8499999999998,0.0,0.0,0.0,1955.9468860309073
18016.0,0.0,370.25,0.0,624.55,0.0,0.0,1551.8255149512859
13425.0,0.0,0.0,0.0,0.0,449.5599999999999,0.0,895.7107686652424
13230.0,397.2599999999998,175.52999999999997,0.0,0.0,0.0,434.6999999999998,1998.1481111235832
13514.0,0.0,0.0,0.0,152.20000000000002,0.0,0.0,463.34306914834144
16950.0,0.0,0.0,400.15000000000003,0.0,606.41,0.0,1776.6206124940088
17629.0,339.45,82.5,593.79,0.0,83.25,0.0,1692.5362777956932
18085.0,0.0,0.0,0.0,0.0,0.0,0.0,208.50969616719613
15898.0,385.89000000000004,0.0,0.0,0.0,0.0,0.0,593.9387530821218
15462.0,0.0,0.0,0.0,64.8,0.0,64.8,503.60415073467453
17331.0,0.0,0.0,0.0,0.0,175.2,0.0,476.3218411570923
15358.0,830.0600000000003,379.7,402.5799999999999,1095.0499999999997,710.1999999999998,152.66,5346.520940884868
14300.0,0.0,43.2,0.0,0.0,0.0,0.0,243.23439795564877
14331.0,0.0,0.0,0.0,0.0,79.0,383.65999999999997,1434.0549600743354
14178.0,420.12,246.85999999999999,460.5899999999999,180.47000000000003,0.0,115.52000000000004,2199.363285167874
13434.0,0.0,0.0,0.0,534.24,0.0,0.0,1103.004973312052
15334.0,0.0,0.0,0.0,0.0,0.0,127.52999999999999,575.7443812531636
15468.0,0.0,0.0,467.50999999999993,0.0,0.0,0.0,957.5861465808737
17244.0,0.0,0.0,954.8999999999997,0.0,0.0,0.0,1738.5156906914215
17213.0,0.0,0.0,1001.2200000000003,0.0,0.0,843.06,4240.403687358188
14632.0,0.0,0.0,0.0,0.0,0.0,0.0,208.50969616719613
16788.0,0.0,0.0,0.0,0.0,300.31,0.0,667.5660047397746
17511.0,7379.32,13522.220000000005,5755.450000000001,8229.92,8419.619999999999,7590.0099999999975,76176.19151707167
13784.0,0.0,38.160000000000004,300.48,155.51999999999998,336.24,0.0,1495.0041148711277
14204.0,161.02999999999997,0.0,0.0,0.0,0.0,0.0,369.34734688374874
16723.0,0.0,0.0,0.0,165.0,424.15,0.0,1133.1336621551206
13244.0,0.0,0.0,0.0,121.74000000000001,0.0,0.0,412.342907906517
12827.0,111.45,100.95,217.74999999999997,0.0,0.0,0.0,749.8653670758358
12831.0,0.0,0.0,0.0,0.0,0.0,0.0,208.50969616719613
13370.0,0.0,0.0,0.0,0.0,0.0,0.0,208.50969616719613
18245.0,894.2500000000003,0.0,0.0,0.0,0.0,366.5199999999999,2157.120492213592
12820.0,210.35000000000002,0.0,343.76000000000005,217.77,0.0,0.0,1334.0235239870888
17574.0,0.0,0.0,0.0,0.0,0.0,0.0,208.50969616719613
15722.0,0.0,797.76,0.0,0.0,654.15,0.0,1849.6981997255791
13657.0,0.0,229.79999999999998,0.0,0.0,0.0,0.0,393.22581818077055
17706.0,775.8399999999999,0.0,1701.15,0.0,1508.7000000000005,2665.3600000000015,13690.48872593926
17496.0,0.0,0.0,0.0,0.0,0.0,0.0,208.50969616719613
16409.0,0.0,608.8499999999998,0.0,380.75999999999993,0.0,235.70999999999995,2014.1789376681854
15342.0,0.0,0.0,0.0,0.0,406.0899999999999,0.0,829.2621731018247
15665.0,0.0,0.0,0.0,0.0,0.0,0.0,208.50969616719613
13479.0,0.0,0.0,0.0,0.0,0.0,0.0,208.50969616719613
14248.0,0.0,0.0,0.0,0.0,0.0,0.0,208.50969616719613
17647.0,0.0,0.0,133.06,0.0,0.0,0.0,421.70751544816113
15681.0,0.0,722.9399999999999,0.0,0.0,0.0,0.0,789.6179348464541
15608.0,0.0,122.4,685.6,0.0,285.68,0.0,1842.104265599326
13737.0,0.0,0.0,0.0,0.0,0.0,0.0,208.50969616719613
13787.0,0.0,0.0,0.0,202.64000000000001,0.0,0.0,547.7963893399904
15206.0,0.0,183.6,0.0,183.6,0.0,35.400000000000006,765.4347302179702
15839.0,0.0,258.13000000000005,0.0,491.18000000000006,0.0,299.18000000000006,2099.913435649865
16796.0,0.0,0.0,0.0,305.62,0.0,0.0,720.2191275108073
16923.0,0.0,1138.0800000000002,1188.0199999999998,522.9699999999999,0.0,391.52000000000004,5029.883839036746
14220.0,0.0,0.0,0.0,0.0,0.0,0.0,208.50969616719613
13627.0,0.0,0.0,304.29,307.18,0.0,0.0,1210.3853052344894
14897.0,620.0600000000001,0.0,400.92,169.9,0.0,0.0,1754.6794975549012
13224.0,0.0,0.0,943.6900000000007,0.0,0.0,1212.26,5211.371477429501
14463.0,0.0,0.0,0.0,220.2,0.0,0.0,577.197664172769
16347.0,0.0,887.6500000000001,0.0,0.0,0.0,0.0,922.0138985403439
17233.0,0.0,190.88,0.0,0.0,0.0,0.0,361.9414340695072
18048.0,0.0,0.0,0.0,0.0,0.0,0.0,208.50969616719613
14642.0,0.0,0.0,96.12,0.0,0.0,0.0,362.51972464522373
18079.0,0.0,0.0,1445.79,0.0,593.3500000000005,0.0,3432.0528098476925
15526.0,0.0,148.44,0.0,0.0,0.0,0.0,327.8276298125181
15023.0,691.6400000000003,0.0,1000.8000000000001,0.0,670.8800000000001,763.8800000000002,5728.050908236833
17785.0,0.0,0.0,131.94000000000003,0.0,0.0,0.0,419.9129749581966
12910.0,0.0,458.46000000000004,566.4000000000001,563.2800000000001,0.0,344.4,3419.400584266135
13082.0,0.0,0.0,0.0,0.0,90.0,1278.1,4026.494143609317
13126.0,369.44,0.0,344.21999999999997,308.56,0.0,0.0,1645.6731631169023
13343.0,0.0,0.0,0.0,0.0,0.0,0.0,208.50969616719613
13124.0,0.0,0.0,0.0,1292.2100000000003,0.0,0.0,2372.098611410073
15840.0,0.0,0.0,113.82,0.0,0.0,0.0,390.8798734598418
14046.0,0.0,0.0,0.0,0.0,0.0,0.0,208.50969616719613
13168.0,0.0,346.53,0.0,0.0,0.0,0.0,487.0548561383186
13717.0,0.0,187.48000000000002,301.54,0.0,201.77,0.0,1150.7837160829044
15457.0,0.0,0.0,0.0,0.0,0.0,0.0,208.50969616719613
13655.0,0.0,0.0,0.0,0.0,549.3199999999999,0.0,1048.2047160635989
14696.0,300.54,0.0,0.0,319.86999999999995,287.15000000000003,0.0,1483.199194965786
13477.0,0.0,90.96,464.07000000000005,0.0,0.0,133.76,1410.3636911608355
12832.0,0.0,115.22999999999999,0.0,267.8,0.0,0.0,749.5191998353174
17288.0,0.0,756.03,0.0,0.0,0.0,0.0,816.2160918413592
14379.0,0.0,0.0,237.11999999999998,0.0,0.0,0.0,588.4395541854016
15836.0,0.0,0.0,137.37,0.0,0.0,0.0,428.61329179793535
18239.0,0.0,0.0,0.0,0.0,0.0,0.0,208.50969616719613
17155.0,0.0,108.39999999999999,0.0,0.0,0.0,0.0,295.64297565488744
18183.0,0.0,0.0,0.0,0.0,0.0,0.0,208.50969616719613
17152.0,0.0,0.0,0.0,0.0,0.0,0.0,208.50969616719613
14778.0,0.0,0.0,0.0,0.0,396.80999999999995,0.0,815.0766896229079
13144.0,0.0,0.0,0.0,0.0,0.0,0.0,208.50969616719613
16255.0,0.0,437.1199999999999,0.0,385.0399999999999,0.0,736.0800000000004,3324.1690461745684
12857.0,0.0,0.0,0.0,0.0,0.0,0.0,208.50969616719613
18223.0,578.7199999999999,0.0,1869.48,431.7299999999999,0.0,471.27,5861.872919937119
14752.0,0.0,0.0,389.63999999999993,0.0,0.0,0.0,832.8175144795002
16596.0,0.0,129.5,0.0,0.0,0.0,0.0,312.6034202784141
17746.0,0.0,0.0,0.0,0.0,0.0,0.0,208.50969616719613
16333.0,1547.2,5727.0,3733.0,1250.4,1282.0,0.0,16391.824254026164
14965.0,0.0,0.0,0.0,598.9999999999999,0.0,0.0,1211.4347317500215
13260.0,0.0,0.0,557.6200000000001,0.0,0.0,0.0,1101.9665426082884
17723.0,0.0,0.0,0.0,0.0,622.5,830.0000000000001,3550.1316845173083
16959.0,0.0,0.0,0.0,117.35000000000001,0.0,0.0,404.9925891983223
15485.0,0.0,1296.37,0.0,0.0,0.0,0.0,1250.5481604610927
14293.0,307.1499999999999,0.0,0.0,0.0,0.0,231.39,1181.6021761330971
16139.0,0.0,329.0400000000001,0.0,0.0,166.57,0.0,727.6164315870006
13067.0,0.0,0.0,0.0,115.46000000000002,0.0,0.0,401.8281011895551
17979.0,0.0,253.16999999999996,0.0,0.0,0.0,0.0,412.0109172732737
12908.0,0.0,0.0,0.0,0.0,0.0,0.0,208.50969616719613
16584.0,0.0,0.0,0.0,324.1400000000001,0.0,0.0,751.2277613321663
17343.0,0.0,0.0,0.0,0.0,0.0,0.0,208.50969616719613
14608.0,507.55,486.65000000000003,0.0,586.95,0.0,0.0,2089.378135890169
15574.0,0.0,0.0,0.0,0.0,0.0,0.0,208.50969616719613
17120.0,0.0,0.0,0.0,0.0,0.0,0.0,208.50969616719613
18274.0,0.0,175.92000000000002,0.0,0.0,0.0,0.0,349.91639845017266
13366.0,0.0,0.0,56.160000000000004,0.0,0.0,0.0,298.4930835925606
16114.0,0.0,0.0,0.0,0.0,0.0,0.0,208.50969616719613
16378.0,0.0,0.0,0.0,0.0,0.0,0.0,208.50969616719613
17791.0,0.0,106.1,0.0,0.0,0.0,0.0,293.79420680966894
14740.0,0.0,0.0,0.0,0.0,0.0,0.0,208.50969616719613
14618.0,0.0,341.64,0.0,0.0,0.0,0.0,483.1242128108757
13821.0,0.0,0.0,0.0,0.0,0.0,115.49,541.0740636146861
15599.0,0.0,312.91,0.0,0.0,0.0,0.0,460.0306784964719
16678.0,323.94000000000005,648.7500000000001,0.0,306.96,326.75,236.94,2749.253000451269
16924.0,0.0,323.1,252.54000000000002,271.11,0.0,0.0,1326.7865877831557
18160.0,0.0,0.0,319.51000000000005,0.0,0.0,0.0,720.4504389784177
16295.0,0.0,636.25,692.2999999999998,0.0,0.0,0.0,1829.1857659918699
16128.0,0.0,468.16,0.0,717.36,0.0,306.4,2668.2293309637107
15502.0,0.0,647.9500000000002,3460.95,320.49999999999994,3315.070000000001,0.0,11878.776947403141
16109.0,0.0,0.0,0.0,0.0,0.0,0.0,208.50969616719613
16689.0,0.0,0.0,0.0,422.59999999999997,0.0,0.0,916.0825175984181
14629.0,354.18,0.0,604.8299999999996,0.0,0.0,0.0,1531.366563099736
16121.0,0.0,0.0,579.2199999999999,0.0,0.0,0.0,1136.5755377718897
17189.0,0.0,0.0,0.0,0.0,157.18,0.0,448.7763225913508
17095.0,0.0,780.1999999999997,0.0,0.0,0.0,0.0,835.6442409669817
13089.0,4681.619999999999,4462.090000000002,3320.8999999999996,7350.5700000000015,3630.5500000000006,3692.1800000000003,42281.1602764959
16884.0,0.0,429.84,0.0,0.0,0.0,0.0,554.0204789622999
13923.0,0.0,0.0,351.13000000000005,0.0,0.0,0.0,771.1141624540235
15549.0,0.0,0.0,0.0,61.58,0.0,689.5800000000002,2297.3258451599286
16982.0,0.0,0.0,384.06,0.0,0.0,0.0,823.8768573955699
15443.0,379.5099999999998,1180.3700000000006,622.6899999999997,369.54,247.09,0.0,3530.515562187542
16425.0,0.0,0.0,0.0,0.0,0.0,0.0,208.50969616719613
13347.0,0.0,0.0,0.0,341.36,0.0,0.0,780.0597631898227
17046.0,0.0,0.0,0.0,0.0,0.0,642.0199999999999,2057.2669495106666
13607.0,0.0,0.0,678.0099999999996,0.0,0.0,0.0,1294.8636225965288
14561.0,0.0,0.0,0.0,513.7699999999999,0.0,0.0,1068.7313915451396
16284.0,0.0,424.57000000000016,399.3999999999999,0.0,0.0,0.0,1189.7303437368346
14403.0,0.0,0.0,0.0,0.0,204.0,295.79999999999995,1372.1298050250693
14194.0,484.1000000000001,2145.46,1743.9999999999998,1309.5099999999998,1138.8,558.4899999999999,10752.493534608602
16461.0,0.0,0.0,0.0,0.0,0.0,0.0,208.50969616719613
17887.0,0.0,0.0,0.0,0.0,111.35,0.0,378.7202118328636
17925.0,0.0,0.0,0.0,0.0,0.0,0.0,208.50969616719613
18226.0,0.0,0.0,492.50000000000006,484.52000000000004,666.8000000000002,983.8899999999999,5661.35443191831
13184.0,0.0,196.85000000000002,0.0,0.0,189.45000000000002,395.0199999999999,1793.832420580785
16292.0,0.0,0.0,0.0,0.0,302.25,0.0,670.5315045187722
15491.0,0.0,0.0,0.0,299.16,390.98,0.0,1307.0581490208706
12917.0,0.0,0.0,0.0,0.0,594.0,0.0,1116.5029274685567
14920.0,0.0,0.0,0.0,0.0,0.0,0.0,208.50969616719613
14882.0,0.0,589.7,0.0,0.0,0.0,0.0,682.5179518304026
16013.0,2643.7200000000003,3433.12,6974.82,2491.2,4022.1800000000003,2244.24,33566.12442072307
13058.0,0.0,133.7,90.15,0.0,0.0,47.550000000000004,597.3486376275708
14577.0,0.0,213.06999999999996,0.0,0.0,0.0,0.0,379.7780343631591
14066.0,0.0,0.0,0.0,0.0,0.0,0.0,208.50969616719613
14211.0,0.0,0.0,902.01,429.19999999999993,0.0,0.0,2372.3951350671464
13728.0,0.0,219.11999999999998,0.0,0.0,161.94000000000003,141.15,1038.6386633941322
17303.0,0.0,0.0,0.0,0.0,0.0,0.0,208.50969616719613
14282.0,357.7,574.9,0.0,301.30000000000007,243.96,0.0,1905.2898120481623
16594.0,0.0,0.0,0.0,181.08999999999997,0.0,0.0,511.7145287109254
15326.0,0.0,0.0,0.0,0.0,0.0,0.0,208.50969616719613
17464.0,0.0,0.0,0.0,0.0,0.0,289.96000000000004,1043.4769139789046
13043.0,0.0,0.0,0.0,0.0,0.0,0.0,208.50969616719613
18099.0,0.0,0.0,0.0,0.0,168.31000000000003,0.0,465.78973111725
14079.0,0.0,0.0,0.0,0.0,375.09999999999997,0.0,781.8906070445366
17341.0,0.0,0.0,0.0,0.0,0.0,267.76,979.5499163398509
14210.0,0.0,0.0,0.0,0.0,306.19,0.0,676.5542205647779
13591.0,0.0,0.0,340.9,0.0,0.0,0.0,754.7229578001509
16330.0,0.0,202.95,0.0,0.0,48.96000000000001,0.0,446.48410566055213
14085.0,630.99,278.82000000000005,290.53999999999996,0.0,0.0,287.83000000000004,2357.221707393717
16542.0,0.0,0.0,119.62,0.0,0.0,0.0,400.1730295685867
15370.0,0.0,0.0,346.79999999999995,525.79,0.0,385.52,2754.66477722761
15800.0,0.0,0.0,0.0,0.0,454.57999999999987,0.0,903.3843814954323
14088.0,0.0,16851.610000000004,8132.310000000001,0.0,1004.8800000000001,9115.010000000004,54567.78792938717
16628.0,0.0,568.21,0.0,0.0,496.29999999999995,410.63000000000005,2606.340121682063
17022.0,0.0,71.0,0.0,0.0,0.0,0.0,265.58038660655114
13259.0,0.0,0.0,292.3199999999999,0.0,0.0,0.0,676.8847640479391
16591.0,0.0,0.0,213.5,0.0,0.0,0.0,550.5939770666853
14762.0,0.0,0.0,0.0,0.0,0.0,0.0,208.50969616719613
14395.0,558.9899999999998,0.0,310.53999999999996,671.9600000000002,0.0,0.0,2389.4847011859697
17697.0,0.0,0.0,0.0,0.0,0.0,0.0,208.50969616719613
14496.0,0.0,0.0,0.0,0.0,0.0,0.0,208.50969616719613
13722.0,0.0,0.0,0.0,0.0,0.0,911.9400000000002,2834.5270937779333
13235.0,0.0,0.0,0.0,0.0,0.0,0.0,208.50969616719613
14410.0,0.0,0.0,0.0,125.08999999999995,0.0,201.17999999999992,997.268740189009
15296.0,0.0,0.0,1073.3700000000001,0.0,507.9999999999999,0.0,2704.869347374028
13037.0,0.0,0.0,0.0,0.0,0.0,303.75,1083.1865219718118
13093.0,0.0,0.0,0.0,0.0,0.0,0.0,208.50969616719613
13685.0,1184.99,0.0,1934.4500000000012,0.0,0.0,0.0,4491.592135860997
15716.0,0.0,0.0,0.0,0.0,0.0,216.36999999999995,831.5675555889069
15862.0,173.15,0.0,0.0,0.0,168.71999999999997,0.0,639.3596339076848
12821.0,0.0,0.0,0.0,0.0,0.0,0.0,208.50969616719613
15092.0,0.0,0.0,0.0,0.0,0.0,0.0,208.50969616719613
14896.0,0.0,0.0,0.0,0.0,0.0,0.0,208.50969616719613
16519.0,0.0,111.38000000000001,0.0,0.0,0.0,0.0,298.03833702825756
17867.0,0.0,239.61999999999998,0.0,0.0,0.0,353.43,1418.8543373179718
17612.0,0.0,0.0,365.5100000000001,344.07,306.81,366.31,2894.058806460956
16777.0,0.0,0.0,0.0,49.09999999999999,0.0,0.0,290.7194111039519
15940.0,0.0,0.0,0.0,0.0,0.0,0.0,208.50969616719613
14715.0,0.0,272.62999999999994,0.0,347.3,0.0,0.0,1009.1487100933716
16306.0,0.0,0.0,0.0,0.0,0.0,0.0,208.50969616719613
13327.0,0.0,889.02,0.0,0.0,382.3,484.09999999999997,2901.5137029203484
12963.0,264.65000000000003,867.0499999999998,105.22,253.91,0.0,0.0,1763.5096166063677
14105.0,0.0,0.0,0.0,0.0,0.0,0.0,208.50969616719613
15286.0,0.0,0.0,240.55,0.0,0.0,0.0,593.935334435918
18276.0,0.0,0.0,335.8599999999999,0.0,0.0,0.0,746.6475255953104
15774.0,0.0,0.0,270.8,0.0,0.0,0.0,642.4039503479065
15687.0,251.59,500.33000000000004,561.7299999999999,0.0,0.0,0.0,1762.0128715254095
14675.0,0.0,604.7499999999999,0.0,0.0,0.0,0.0,694.6153305784629
15275.0,0.0,615.1399999999999,0.0,0.0,0.0,0.0,702.9669428836023
18062.0,0.0,0.0,0.0,0.0,0.0,0.0,208.50969616719613
17219.0,0.0,114.23,0.0,0.0,0.0,0.0,300.3292027712458
14141.0,226.35000000000002,0.0,199.47,204.15,285.1600000000001,0.0,1531.9066095616352
17119.0,59.66,0.0,547.25,0.0,0.0,0.0,1144.9397569127598
17187.0,0.0,0.0,0.0,0.0,0.0,0.0,208.50969616719613
16227.0,0.0,0.0,0.0,0.0,0.0,0.0,208.50969616719613
17248.0,0.0,0.0,0.0,0.0,318.65000000000003,0.0,695.6006779082375
16283.0,240.66999999999996,0.0,743.7899999999997,0.0,109.97999999999999,198.56,2380.531956381491
15907.0,437.93000000000006,0.0,0.0,0.0,0.0,0.0,645.9165916419518
13831.0,0.0,407.4,0.0,340.19999999999993,0.0,357.4,2134.757837210385
14209.0,0.0,197.10000000000002,0.0,0.0,354.68000000000006,438.49999999999994,2171.8100639639174
14834.0,0.0,525.16,343.94,421.9,185.61,0.0,2171.8497921521152
16945.0,0.0,711.9399999999998,341.02,587.3300000000002,302.74000000000007,308.7100000000001,3662.297549400575
14338.0,0.0,0.0,0.0,0.0,0.0,8.25,232.2663506952227
17027.0,0.0,0.0,0.0,234.41,0.0,0.0,600.9899258683149
13318.0,337.79999999999995,302.96,0.0,0.0,0.0,0.0,789.4292438154382
14621.0,302.85999999999996,482.59,0.0,0.0,0.0,366.59999999999997,1954.5791656196968
14719.0,406.41999999999985,390.3699999999998,317.2199999999998,0.0,0.0,0.0,1436.500080333818
14631.0,0.0,0.0,376.90000000000003,0.0,0.0,0.0,812.4046164061539
13926.0,0.0,223.85000000000002,0.0,0.0,0.0,0.0,388.44313355944433
17991.0,0.0,0.0,0.0,0.0,0.0,0.0,208.50969616719613
16983.0,0.0,740.9499999999999,0.0,305.08,0.0,0.0,1314.8998906295915
14688.0,659.8699999999999,0.0,528.6500000000001,589.81,423.29999999999995,324.2200000000001,4282.850489530429
18043.0,0.0,107.70000000000002,0.0,0.0,0.0,0.0,295.0803068759079
13539.0,0.0,0.0,0.0,315.69,0.0,0.0,737.0796535681012
14152.0,0.0,0.0,0.0,306.78,0.0,0.0,722.1613529553416
17895.0,0.0,0.0,97.99999999999997,0.0,0.0,0.0,365.53198903909276
13305.0,213.15999999999997,316.45,0.0,385.5,194.55,250.95,2341.2615997151574
17230.0,0.0,0.0,0.0,0.0,0.0,0.0,208.50969616719613
17492.0,0.0,0.0,0.0,0.0,0.0,0.0,208.50969616719613
16999.0,0.0,238.98999999999998,0.0,245.83,0.0,0.0,812.2139597723342
16427.0,0.0,0.0,0.0,0.0,0.0,0.0,208.50969616719613
18259.0,0.0,1070.4,0.0,891.9,0.0,0.0,2562.247600808828
16402.0,0.0,0.0,0.0,0.0,0.0,0.0,208.50969616719613
17666.0,319.08000000000004,0.0,409.0799999999999,0.0,0.0,0.0,1182.6644711503873
12893.0,0.0,188.14,0.0,0.0,0.0,0.0,359.738987706073
16771.0,0.0,144.3,0.0,446.5599999999999,0.0,0.0,1072.1896687456597
15593.0,0.0,0.0,0.0,199.8,0.0,0.0,543.0412856654407
13874.0,0.0,0.0,0.0,0.0,0.0,0.0,208.50969616719613
13781.0,0.0,0.0,0.0,0.0,0.0,0.0,208.50969616719613
13764.0,0.0,0.0,0.0,576.1300000000001,0.0,445.74000000000007,2456.693199702275
16356.0,0.0,0.0,0.0,0.0,0.0,0.0,208.50969616719613
16948.0,0.0,0.0,0.0,0.0,0.0,194.48000000000002,768.5332322412098
13849.0,0.0,0.0,944.3699999999999,0.0,0.0,0.0,1721.6438055491658
15592.0,0.0,0.0,388.58,0.0,0.0,0.0,831.1191100872124
14538.0,0.0,0.0,281.74999999999994,0.0,0.0,0.0,659.948788173899
18112.0,0.0,156.04999999999998,0.0,0.0,0.0,0.0,333.9446432525673
16742.0,0.0,0.0,464.9,0.0,0.0,0.0,953.4042263319385
14606.0,355.7099999999999,1126.4100000000012,684.6200000000003,660.5299999999995,797.9599999999999,813.3800000000003,7234.081619326628
13115.0,0.0,499.55999999999995,916.67,0.0,0.0,0.0,2078.813566969903
18064.0,0.0,0.0,0.0,0.0,0.0,406.0,1377.6250583949293
14517.0,0.0,78.0,0.0,0.0,0.0,252.45000000000002,998.1607029539607
17928.0,0.0,0.0,134.28,0.0,0.0,0.0,423.66228276758676
17974.0,0.0,432.46999999999997,135.54999999999998,0.0,0.0,0.0,773.321973280727
17354.0,0.0,0.0,1393.06,0.0,0.0,0.0,2440.565566658261
17686.0,629.3700000000001,0.0,0.0,520.7400000000001,1552.6000000000006,0.0,4082.336697258305
16480.0,0.0,0.0,0.0,769.2899999999995,0.0,0.0,1496.5567756722232
17707.0,0.0,0.0,0.0,0.0,0.0,0.0,208.50969616719613
13266.0,0.0,610.5700000000003,382.34000000000003,305.77000000000004,333.93,375.22,3414.7949184171416
15090.0,0.0,0.0,0.0,0.0,0.0,0.0,208.50969616719613
14592.0,0.0,161.29000000000002,409.16999999999985,0.0,0.0,0.0,993.7567390755605
15707.0,0.0,307.95000000000005,470.8500000000001,166.78000000000003,0.0,0.0,1489.7169324290167
16222.0,0.0,0.0,0.0,0.0,0.0,0.0,208.50969616719613
16211.0,0.0,0.0,0.0,547.02,0.0,0.0,1124.4029398475254
13375.0,0.0,0.0,0.0,778.6499999999997,0.0,0.0,1512.2285258108802
14895.0,925.62,770.9200000000001,1467.3800000000003,1893.0800000000006,872.9200000000002,479.03,9987.245375475293
14607.0,0.0,4119.3,11955.2,0.0,0.0,0.0,22675.09261368931
17059.0,0.0,844.9400000000004,0.0,0.0,739.4300000000004,0.0,2017.9817770540212
14083.0,469.5100000000001,0.0,0.0,0.0,17.85,41.6,824.5356554322393
17239.0,0.0,0.0,0.0,0.0,0.0,0.0,208.50969616719613
17410.0,0.0,346.02,449.1500000000001,117.15,0.0,0.0,1402.451742841993
14436.0,0.0,0.0,0.0,89.06,0.0,0.0,357.6257290036009
15649.0,0.0,0.0,0.0,0.0,0.0,0.0,208.50969616719613
16721.0,0.0,0.0,0.0,0.0,0.0,0.0,208.50969616719613
14860.0,0.0,170.32000000000002,0.0,0.0,0.0,0.0,345.4150482183362
13285.0,0.0,739.0199999999999,0.0,0.0,0.0,796.8299999999998,3097.0905165809354
13491.0,0.0,0.0,127.37,0.0,0.0,56.82000000000001,576.2091676739412
15796.0,447.6499999999999,376.2,0.0,311.99,325.79999999999995,0.0,1978.4147171012135
14758.0,0.0,0.0,0.0,0.0,0.0,277.12000000000006,1006.5029207498304
13841.0,0.0,0.0,0.0,0.0,0.0,0.0,208.50969616719613
15712.0,0.0,206.44999999999996,0.0,99.60000000000001,307.66,0.0,1011.511868758119
13012.0,0.0,456.00000000000006,0.0,193.52999999999997,0.0,304.92,1777.127692505251
12883.0,0.0,411.84,0.0,291.63000000000005,0.0,0.0,1027.8373759667263
13243.0,0.0,0.0,0.0,0.0,0.0,0.0,208.50969616719613
16202.0,0.0,0.0,0.0,0.0,0.0,0.0,208.50969616719613
16916.0,0.0,378.17999999999995,0.0,0.0,0.0,0.0,512.4955230736085
18024.0,0.0,0.0,0.0,0.0,0.0,389.78000000000003,1330.918035795585
14951.0,0.0,0.0,0.0,311.69000000000005,0.0,0.0,730.3823244490173
18087.0,0.0,0.0,0.0,852.8,0.0,0.0,1636.3802643558997
14953.0,0.0,289.82,0.0,0.0,0.0,0.0,441.47064691556056
14218.0,0.0,0.0,169.48000000000002,0.0,0.0,0.0,480.0621267379007
16183.0,0.0,0.0,338.7100000000001,0.0,0.0,0.0,751.2139902349526
17101.0,0.0,722.0,669.15,0.0,0.0,0.0,1861.0201803966168
15249.0,0.0,407.55,641.57,282.31,1696.6600000000005,819.0000000000001,6988.667674754398
13338.0,0.0,0.0,0.0,0.0,0.0,487.02,1610.9298038325917
14609.0,0.0,0.0,0.0,115.2,0.0,191.16,951.8560571698528
13462.0,0.0,0.0,0.0,0.0,0.0,0.0,208.50969616719613
15930.0,0.0,0.0,426.63000000000017,0.0,0.0,0.0,892.0854186971685
15073.0,0.0,181.45,0.0,0.0,0.0,0.0,354.3614818041112
14146.0,1225.16,0.0,0.0,1062.1100000000001,0.0,0.0,3210.531308215265
15540.0,0.0,213.30000000000004,0.0,0.0,0.0,0.0,379.96291124768106
14078.0,0.0,0.0,0.0,0.0,221.45999999999998,0.0,547.0352534129861
15449.0,0.0,326.82,0.0,0.0,0.0,0.0,471.2117109473371
16904.0,349.0200000000001,356.17999999999995,0.0,15.0,775.0400000000003,187.39,2592.8693881918184
13941.0,0.0,1253.6600000000003,0.0,1028.04,0.0,0.0,2937.4978837136987
15292.0,0.0,0.0,0.0,0.0,0.0,0.0,208.50969616719613
13584.0,0.0,0.0,0.0,0.0,0.0,0.0,208.50969616719613
18161.0,0.0,462.00000000000006,385.42999999999995,0.0,0.0,224.94,1845.1693432716706
13159.0,282.56000000000006,0.0,303.7,0.0,851.59,0.0,2279.0884615764276
13705.0,189.17999999999998,0.0,0.0,0.0,0.0,204.54000000000002,986.4559785183378
14246.0,0.0,0.0,0.0,0.0,504.19,520.23,2477.270071618598
13276.0,0.0,0.0,453.55000000000007,137.38,0.0,0.0,1165.2382497830408
17172.0,0.0,0.0,0.0,317.76,0.0,0.0,740.5455213872272
16560.0,0.0,509.22999999999996,0.0,0.0,0.0,0.0,617.8351566239955
16429.0,0.0,0.0,0.0,0.0,284.55,0.0,643.475140555752
12834.0,0.0,0.0,0.0,0.0,0.0,0.0,208.50969616719613
14702.0,329.58,286.36,772.4100000000001,216.09000000000003,190.15000000000006,109.89999999999999,2974.422560984852
16676.0,0.0,493.62,0.0,0.0,0.0,0.0,605.2876428527514
15706.0,0.0,0.0,181.8,428.71000000000004,450.05,0.0,1905.555154271597
15891.0,0.0,0.0,0.0,0.0,0.0,0.0,208.50969616719613
16526.0,0.0,0.0,0.0,0.0,0.0,0.0,208.50969616719613
14113.0,471.9,442.13999999999993,0.0,492.88,0.0,0.0,1860.4885858066248
15257.0,0.0,0.0,0.0,0.0,0.0,0.0,208.50969616719613
16323.0,0.0,0.0,0.0,0.0,0.0,0.0,208.50969616719613
13826.0,0.0,0.0,0.0,0.0,0.0,0.0,208.50969616719613
16473.0,0.0,0.0,0.0,0.0,0.0,0.0,208.50969616719613
14709.0,0.0,657.0000000000001,0.0,899.5999999999999,1004.5,416.90000000000003,4978.833667002918
16669.0,0.0,645.3799999999998,0.0,729.4899999999998,0.0,0.0,1948.6828889056612
14418.0,897.3499999999999,889.46,0.0,0.0,150.44,0.0,2049.7107281294584
18135.0,0.0,448.44,0.0,123.65,0.0,0.0,776.0025786260115
15482.0,0.0,8191.459999999998,760.0,0.0,0.0,0.0,8010.631880442954
16818.0,0.0,127.75999999999999,0.0,1119.4099999999999,402.31,506.92,4260.167459926295
15547.0,522.4100000000002,0.0,702.6599999999999,959.0599999999998,366.1800000000001,0.0,4021.6763632887737
13506.0,0.0,0.0,0.0,0.0,0.0,0.0,208.50969616719613
16097.0,0.0,0.0,0.0,0.0,0.0,0.0,208.50969616719613
17062.0,0.0,0.0,0.0,0.0,0.0,0.0,208.50969616719613
17787.0,0.0,0.0,0.0,0.0,0.0,149.02,637.6268668055627
14352.0,0.0,0.0,0.0,0.0,0.0,233.64000000000001,881.2981524009094
15789.0,0.0,0.0,0.0,0.0,0.0,0.0,208.50969616719613
13223.0,0.0,0.0,0.0,0.0,0.0,0.0,208.50969616719613
13777.0,2516.75,6485.560000000001,3953.3500000000004,661.26,326.22,270.90000000000003,16655.668938724997
14460.0,0.0,0.0,0.0,0.0,157.8,0.0,449.72405963412325
16976.0,0.0,0.0,0.0,0.0,0.0,0.0,208.50969616719613
16387.0,0.0,0.0,0.0,0.0,0.0,0.0,208.50969616719613
15725.0,0.0,415.2500000000001,0.0,0.0,0.0,0.0,542.2928539832832
17905.0,0.0,0.0,0.0,181.25,0.0,224.84,1159.4304466128406
13617.0,0.0,0.0,178.48000000000002,0.0,234.59,0.0,853.0787234280987
13791.0,0.0,0.0,0.0,0.0,579.0,0.0,1093.5738054659969
16019.0,0.0,0.0,833.9900000000004,0.0,0.0,462.7499999999999,2877.3177806256567
13065.0,0.0,0.0,0.0,0.0,0.0,0.0,208.50969616719613
14129.0,152.58,245.04999999999998,0.0,367.33000000000004,0.0,0.0,1172.914179951763
13989.0,0.0,0.0,369.41,0.0,0.0,0.0,800.403626879516
17409.0,0.0,0.0,0.0,0.0,0.0,0.0,208.50969616719613
16026.0,0.0,0.0,236.09000000000006,0.0,0.0,0.0,586.7892178419522
15299.0,0.0,0.0,1472.0,0.0,0.0,0.0,2567.0486258348683
16895.0,0.0,0.0,219.13999999999996,0.0,0.0,0.0,559.6307702482923
15376.0,0.0,0.0,244.34,0.0,334.8500000000001,0.0,1111.8623647763002
18173.0,0.0,0.0,0.0,378.0,0.0,0.0,841.4072979206319
18037.0,0.0,0.0,0.0,0.0,0.0,9.2,235.0019654590561
16757.0,0.0,0.0,0.0,0.0,0.0,0.0,208.50969616719613
16242.0,548.9099999999999,1382.4199999999994,825.2899999999996,0.0,0.0,0.0,3190.3065610976496
18231.0,0.0,0.0,0.0,0.0,0.0,0.0,208.50969616719613
17837.0,0.0,0.0,1044.18,172.68999999999997,0.0,256.71,2909.9273465055026
13629.0,0.0,1537.0,537.0,821.0,0.0,1231.36,7224.831917242379
14863.0,0.0,266.76,0.0,0.0,0.0,0.0,422.93472971089113
13767.0,885.9800000000001,2650.7000000000007,380.31000000000006,3626.999999999999,1290.3200000000002,457.26000000000005,13195.376158701121
15977.0,0.0,699.0999999999999,355.63,0.0,0.0,0.0,1340.2697174720709
17698.0,0.0,0.0,0.0,0.0,0.0,0.0,208.50969616719613
17585.0,0.0,0.0,0.0,0.0,319.55,0.0,696.976425228391
15607.0,0.0,0.0,0.0,0.0,0.0,0.0,208.50969616719613
14341.0,0.0,0.0,1042.7599999999998,0.0,321.2900000000001,115.08,2701.801223976762
15513.0,0.0,885.8000000000002,2520.28,2423.2700000000004,222.96000000000004,1611.1099999999994,13996.212711885597
12841.0,151.01000000000002,289.44,510.38999999999993,220.06999999999996,273.7699999999999,416.6799999999999,3396.6033174583363
14044.0,0.0,110.71000000000002,0.0,0.0,196.92999999999998,171.44,1092.2062614212914
13761.0,0.0,0.0,578.94,0.0,0.0,0.0,1136.1269026493987
18084.0,0.0,90.47999999999999,0.0,0.0,0.0,0.0,281.2386549130108
14450.0,0.0,0.0,0.0,0.0,0.0,0.0,208.50969616719613
16848.0,0.0,0.0,281.42,0.0,0.0,0.0,659.4200396366773
17450.0,1562.4,27869.449999999997,3935.9600000000005,75412.64,16119.460000000001,8485.140000000001,205817.23826276427
18136.0,0.0,0.0,183.48000000000002,0.0,0.0,0.0,502.4938828624574
15802.0,0.0,0.0,0.0,0.0,0.0,451.42,1508.4162400510468
14722.0,0.0,0.0,0.0,0.0,0.0,187.91999999999996,749.6430923983182
17365.0,0.0,426.37,877.7099999999996,1126.4700000000005,0.0,0.0,3843.643237500464
14893.0,0.0,1237.8500000000004,0.0,0.0,0.0,0.0,1203.5090505384023
13411.0,0.0,0.0,0.0,0.0,213.55000000000004,0.0,534.9439630769698
13897.0,0.0,0.0,311.15999999999997,0.0,0.0,0.0,707.0714987184141
16889.0,0.0,0.0,0.0,0.0,0.0,0.0,208.50969616719613
17589.0,0.0,0.0,561.1000000000001,0.0,0.0,631.6500000000001,2926.438294773899
16963.0,0.0,0.0,0.0,0.0,0.0,0.0,208.50969616719613
14125.0,0.0,1444.9999999999998,0.0,1295.4300000000003,0.0,0.0,3538.99908367302
13151.0,0.0,0.0,0.0,0.0,0.0,0.0,208.50969616719613
14368.0,0.0,0.0,0.0,0.0,0.0,0.0,208.50969616719613
18142.0,0.0,0.0,0.0,0.0,0.0,737.04,2330.8860177837687
14145.0,0.0,0.0,891.0,0.0,0.0,1722.6,6596.52021211772
18165.0,0.0,0.0,0.0,0.0,0.0,0.0,208.50969616719613
13122.0,0.0,0.0,0.0,18.72,0.0,0.0,239.85319644450914
13756.0,846.3999999999999,1077.8,292.98999999999995,413.99,321.5,525.0300000000001,5086.1742512402325
15280.0,0.0,0.0,0.0,0.0,0.0,0.0,208.50969616719613
14813.0,0.0,0.0,0.0,0.0,0.0,0.0,208.50969616719613
15139.0,0.0,0.0,0.0,0.0,0.0,0.0,208.50969616719613
17545.0,0.0,0.0,645.9599999999999,0.0,0.0,0.0,1243.5109237542406
14755.0,0.0,1395.0899999999997,443.20999999999987,304.30000000000007,315.5,312.8999999999999,3932.8421596295443
18265.0,0.0,0.0,0.0,312.96000000000004,0.0,488.55000000000007,2139.334613676738
17414.0,0.0,0.0,180.0,0.0,0.0,0.0,496.9179891972104
16655.0,0.0,883.3199999999999,0.0,1042.3100000000002,0.0,638.19,4501.43507521768
13853.0,0.0,0.0,1090.14,0.0,0.0,0.0,1955.2064548546393
16968.0,186.12,0.0,0.0,0.0,253.31000000000003,0.0,781.6191033404823
16017.0,0.0,0.0,211.87999999999994,0.0,0.0,0.0,547.998302429415
15243.0,0.0,0.0,0.0,316.68,0.0,0.0,738.7372425250745
15512.0,0.0,0.0,0.0,0.0,0.0,19.799999999999997,265.52566703445996
17312.0,0.0,0.0,0.0,0.0,0.0,644.3,2063.8324249438674
18168.0,0.0,0.0,0.0,0.0,0.0,0.0,208.50969616719613
16342.0,0.0,0.0,0.0,38.7,57.5,89.26,618.2339270916186
15562.0,0.0,0.0,0.0,0.0,0.0,0.0,208.50969616719613
18032.0,0.0,0.0,0.0,0.0,0.0,0.0,208.50969616719613
13177.0,0.0,0.0,282.45,0.0,0.0,0.0,661.0703759801268
14039.0,0.0,152.2,0.0,0.0,0.0,0.0,330.84996496817973
13720.0,0.0,0.0,0.0,0.0,247.34999999999997,0.0,586.610917989404
16179.0,0.0,0.0,215.83,0.0,0.0,0.0,554.3272621931294
15942.0,0.0,0.0,0.0,0.0,0.0,337.43999999999994,1180.2000602808075
